Provider,PotentialFraud,FraudProbability
PRV51002,0,0.0042186836278611676
PRV51006,0,0.0023616734143049934
PRV51009,0,0.029195804195804195
PRV51010,0,0.018107572516750055
PRV51018,0,0.01261808367071525
PRV51019,0,0.0023616734143049934
PRV51020,0,0.02231116836379994
PRV51022,0,0.07114477570068918
PRV51028,0,0.0023616734143049934
PRV51033,0,0.020796404152950112
PRV51034,0,0.0023616734143049934
PRV51039,1,0.22059157161297538
PRV51050,0,0.024999999999999998
PRV51051,0,0.16035353535353536
PRV51069,1,0.511448948948949
PRV51073,1,0.8449592052683408
PRV51079,0,0.0670243463568239
PRV51080,0,0.01261808367071525
PRV51085,0,0.018226201043538504
PRV51087,0,0.0023616734143049934
PRV51088,0,0.02091503267973856
PRV51092,0,0.008422279474911054
PRV51094,0,0.0042186836278611676
PRV51095,0,0.0023616734143049934
PRV51099,0,0.01261808367071525
PRV51106,0,0.0023616734143049934
PRV51107,0,0.0023616734143049934
PRV51116,0,0.0023616734143049934
PRV51124,0,0.029195804195804195
PRV51127,0,0.034268580321211904
PRV51133,0,0.0023616734143049934
PRV51150,0,0.0042186836278611676
PRV51157,0,0.0042186836278611676
PRV51158,0,0.01261808367071525
PRV51161,1,0.2239766081871345
PRV51162,1,0.6437637637637638
PRV51163,1,0.5858933933933934
PRV51172,0,0.1441810286149909
PRV51174,0,0.0023616734143049934
PRV51177,0,0.01261808367071525
PRV51182,0,0.0023616734143049934
PRV51184,0,0.0023616734143049934
PRV51187,0,0.0042186836278611676
PRV51188,0,0.0546236079545144
PRV51192,0,0.0042186836278611676
PRV51193,0,0.0042186836278611676
PRV51195,0,0.032943391152346374
PRV51197,0,0.0023616734143049934
PRV51199,0,0.0023616734143049934
PRV51208,0,0.0023616734143049934
PRV51220,0,0.0042186836278611676
PRV51223,0,0.0042186836278611676
PRV51227,0,0.0023616734143049934
PRV51246,0,0.0023616734143049934
PRV51254,0,0.18119521440416964
PRV51257,0,0.0042186836278611676
PRV51268,0,0.020985979194934418
PRV51269,0,0.0042186836278611676
PRV51270,1,0.4821030708127483
PRV51275,0,0.0042186836278611676
PRV51278,0,0.01261808367071525
PRV51283,0,0.008422279474911054
PRV51291,0,0.01261808367071525
PRV51294,0,0.0023616734143049934
PRV51310,0,0.0042186836278611676
PRV51317,0,0.17556517556517556
PRV51319,0,0.0023616734143049934
PRV51320,0,0.0023616734143049934
PRV51321,0,0.0042186836278611676
PRV51332,0,0.008422279474911054
PRV51333,0,0.0390706722796275
PRV51339,0,0.0042186836278611676
PRV51343,0,0.06747601259796382
PRV51359,0,0.0042186836278611676
PRV51365,0,0.16035353535353536
PRV51367,0,0.0023616734143049934
PRV51370,0,0.0042186836278611676
PRV51372,0,0.106211489499915
PRV51373,1,0.35268199233716474
PRV51374,1,0.25912933647852704
PRV51375,0,0.008422279474911054
PRV51381,0,0.015306915306915308
PRV51384,1,0.5858933933933934
PRV51385,0,0.0023616734143049934
PRV51400,0,0.008422279474911054
PRV51402,0,0.0042186836278611676
PRV51407,1,0.9583333333333334
PRV51411,0,0.0023616734143049934
PRV51413,0,0.0023616734143049934
PRV51417,0,0.07979342434933784
PRV51420,0,0.04686200019290664
PRV51445,0,0.0023616734143049934
PRV51450,0,0.0042186836278611676
PRV51452,1,0.4821030708127483
PRV51457,0,0.006907515264061225
PRV51461,0,0.0042186836278611676
PRV51463,0,0.08848029303620653
PRV51473,1,0.20546550779108919
PRV51481,0,0.0023616734143049934
PRV51485,1,0.6225997425997426
PRV51489,0,0.0023616734143049934
PRV51493,0,0.0023616734143049934
PRV51498,0,0.0042186836278611676
PRV51506,0,0.0042186836278611676
PRV51512,1,0.3046246629651758
PRV51513,0,0.0023616734143049934
PRV51519,0,0.0023616734143049934
PRV51520,0,0.08848029303620653
PRV51524,0,0.01261808367071525
PRV51530,0,0.0042186836278611676
PRV51537,0,0.0042186836278611676
PRV51538,0,0.008422279474911054
PRV51543,0,0.032943391152346374
PRV51545,0,0.092121471453949
PRV51548,0,0.0023616734143049934
PRV51559,0,0.0023616734143049934
PRV51561,0,0.015306915306915308
PRV51565,0,0.03429830047288327
PRV51575,0,0.008422279474911054
PRV51581,0,0.025898900430029192
PRV51589,0,0.0042186836278611676
PRV51591,0,0.07979342434933784
PRV51594,0,0.092121471453949
PRV51597,0,0.0042186836278611676
PRV51603,0,0.0042186836278611676
PRV51615,0,0.0023616734143049934
PRV51633,0,0.04474873987069109
PRV51643,0,0.0023616734143049934
PRV51646,0,0.0042186836278611676
PRV51648,0,0.08848029303620653
PRV51649,0,0.0042186836278611676
PRV51651,0,0.0023616734143049934
PRV51659,0,0.0023616734143049934
PRV51662,0,0.0042186836278611676
PRV51663,0,0.01261808367071525
PRV51667,0,0.0023616734143049934
PRV51677,0,0.14782220703273335
PRV51680,0,0.008422279474911054
PRV51683,0,0.0023616734143049934
PRV51684,0,0.06747601259796382
PRV51686,0,0.0023616734143049934
PRV51700,0,0.008422279474911054
PRV51701,0,0.0042186836278611676
PRV51714,0,0.0023616734143049934
PRV51717,0,0.0023616734143049934
PRV51728,0,0.0023616734143049934
PRV51730,0,0.0023616734143049934
PRV51756,0,0.0023616734143049934
PRV51757,0,0.0042186836278611676
PRV51760,0,0.0042186836278611676
PRV51768,0,0.0023616734143049934
PRV51772,0,0.0042186836278611676
PRV51777,0,0.0023616734143049934
PRV51782,1,0.41648745519713265
PRV51783,0,0.008422279474911054
PRV51785,0,0.0023616734143049934
PRV51791,0,0.0023616734143049934
PRV51800,0,0.0023616734143049934
PRV51804,0,0.01261808367071525
PRV51808,0,0.0042186836278611676
PRV51814,0,0.13048668969721602
PRV51817,0,0.0023616734143049934
PRV51825,0,0.04686200019290664
PRV51832,0,0.0023616734143049934
PRV51834,0,0.008422279474911054
PRV51835,0,0.0023616734143049934
PRV51839,0,0.14565682498930252
PRV51844,0,0.0042186836278611676
PRV51850,0,0.04474873987069109
PRV51853,0,0.0023616734143049934
PRV51854,1,0.511448948948949
PRV51866,0,0.1441810286149909
PRV51880,0,0.0023616734143049934
PRV51881,0,0.008422279474911054
PRV51882,0,0.0023616734143049934
PRV51883,0,0.0042186836278611676
PRV51893,0,0.0042186836278611676
PRV51900,0,0.008422279474911054
PRV51903,0,0.0042186836278611676
PRV51904,0,0.0023616734143049934
PRV51907,0,0.0042186836278611676
PRV51912,0,0.0023616734143049934
PRV51939,1,0.9395205689226116
PRV51945,0,0.19025386757944898
PRV51953,1,0.35900086132644277
PRV51955,1,0.5858933933933934
PRV51962,0,0.008422279474911054
PRV51971,0,0.0023616734143049934
PRV51975,0,0.0023616734143049934
PRV51980,0,0.008422279474911054
PRV51982,1,1.0
PRV51985,1,0.488425925925926
PRV51986,0,0.0042186836278611676
PRV51997,0,0.034268580321211904
PRV52000,0,0.008422279474911054
PRV52005,1,0.4821030708127483
PRV52006,1,0.3605350742447517
PRV52015,0,0.03429830047288327
PRV52016,0,0.0023616734143049934
PRV52018,0,0.04686200019290664
PRV52023,0,0.04205990823449104
PRV52033,0,0.092121471453949
PRV52034,0,0.0042186836278611676
PRV52035,0,0.19025386757944898
PRV52036,0,0.13455313200066463
PRV52040,1,0.6986728395061729
PRV52043,0,0.07114477570068918
PRV52050,0,0.15818815331010452
PRV52053,0,0.02306852306852307
PRV52060,0,0.0042186836278611676
PRV52067,0,0.07114477570068918
PRV52070,0,0.13455313200066463
PRV52078,1,0.7829982363315696
PRV52080,1,0.8765432098765432
PRV52083,0,0.19319425784943026
PRV52086,0,0.0042186836278611676
PRV52091,1,0.4535244922341697
PRV52093,1,0.5858933933933934
PRV52096,0,0.07979342434933784
PRV52103,0,0.008422279474911054
PRV52106,0,0.0023616734143049934
PRV52108,0,0.049464558898521166
PRV52110,1,0.26459155610462154
PRV52116,0,0.14782220703273335
PRV52117,1,0.511448948948949
PRV52125,1,0.5858933933933934
PRV52132,0,0.02518178339073861
PRV52134,1,0.33677863910422046
PRV52137,1,0.6242283950617284
PRV52139,0,0.0042186836278611676
PRV52153,0,0.0023616734143049934
PRV52158,0,0.0042186836278611676
PRV52164,0,0.0546236079545144
PRV52172,0,0.034874868083823306
PRV52183,0,0.011111111111111112
PRV52190,0,0.0042186836278611676
PRV52194,0,0.0023616734143049934
PRV52198,0,0.0042186836278611676
PRV52203,0,0.008422279474911054
PRV52207,0,0.0042186836278611676
PRV52210,0,0.0023616734143049934
PRV52215,0,0.008422279474911054
PRV52223,0,0.0042186836278611676
PRV52234,0,0.008422279474911054
PRV52239,0,0.0023616734143049934
PRV52243,0,0.011269362706195158
PRV52244,0,0.0023616734143049934
PRV52245,0,0.0023616734143049934
PRV52250,0,0.0023616734143049934
PRV52258,0,0.0023616734143049934
PRV52259,0,0.0023616734143049934
PRV52268,0,0.0042186836278611676
PRV52269,0,0.0023616734143049934
PRV52270,0,0.008422279474911054
PRV52277,0,0.018107572516750055
PRV52287,1,0.3405198301750026
PRV52297,0,0.0023616734143049934
PRV52301,0,0.0042186836278611676
PRV52305,0,0.0023616734143049934
PRV52316,0,0.0042186836278611676
PRV52322,0,0.0023616734143049934
PRV52324,0,0.02306852306852307
PRV52327,0,0.11778499278499278
PRV52329,0,0.07195912529003173
PRV52330,0,0.0023616734143049934
PRV52333,0,0.0023616734143049934
PRV52338,1,0.8697349310094408
PRV52339,0,0.0042186836278611676
PRV52345,0,0.0023616734143049934
PRV52360,1,0.511448948948949
PRV52363,0,0.0023616734143049934
PRV52364,1,0.8765432098765432
PRV52368,1,0.511448948948949
PRV52370,0,0.0042186836278611676
PRV52375,0,0.08848029303620653
PRV52376,0,0.008422279474911054
PRV52379,0,0.006907515264061225
PRV52382,0,0.0023616734143049934
PRV52388,0,0.07415581525518679
PRV52413,0,0.0023616734143049934
PRV52424,0,0.03698713210908333
PRV52426,0,0.0042186836278611676
PRV52428,0,0.0023616734143049934
PRV52429,0,0.008422279474911054
PRV52430,0,0.0042186836278611676
PRV52438,0,0.01261808367071525
PRV52442,1,0.3820238843494657
PRV52444,0,0.0042186836278611676
PRV52447,0,0.034985704959366065
PRV52465,0,0.0042186836278611676
PRV52475,0,0.024999999999999998
PRV52477,0,0.0390706722796275
PRV52479,1,0.7353791887125221
PRV52481,0,0.0042186836278611676
PRV52489,0,0.0023616734143049934
PRV52496,0,0.0023616734143049934
PRV52498,0,0.006907515264061225
PRV52505,0,0.0042186836278611676
PRV52516,0,0.01261808367071525
PRV52522,0,0.0023616734143049934
PRV52524,0,0.0042186836278611676
PRV52534,0,0.0042186836278611676
PRV52538,0,0.008422279474911054
PRV52546,1,0.21640826873385013
PRV52550,0,0.16035353535353536
PRV52569,1,0.5858933933933934
PRV52585,0,0.1308784996294167
PRV52594,1,0.3736618762514741
PRV52595,0,0.03429830047288327
PRV52597,0,0.0042186836278611676
PRV52600,0,0.08999903605166763
PRV52601,1,0.3034453057708872
PRV52603,1,0.2437892211148025
PRV52612,0,0.008422279474911054
PRV52613,0,0.024041890216473016
PRV52618,1,1.0
PRV52619,0,0.0023616734143049934
PRV52620,0,0.0023616734143049934
PRV52624,0,0.0023616734143049934
PRV52625,0,0.008422279474911054
PRV52632,1,0.7036111111111111
PRV52635,0,0.0042186836278611676
PRV52637,1,0.2915708812260536
PRV52650,0,0.0042186836278611676
PRV52655,1,0.28006306888057453
PRV52664,0,0.008422279474911054
PRV52675,0,0.0042186836278611676
PRV52680,0,0.0023616734143049934
PRV52682,0,0.01261808367071525
PRV52685,0,0.0023616734143049934
PRV52705,0,0.0042186836278611676
PRV52707,0,0.008422279474911054
PRV52712,0,0.032943391152346374
PRV52716,0,0.0042186836278611676
PRV52718,0,0.049464558898521166
PRV52730,0,0.0042186836278611676
PRV52734,0,0.0023616734143049934
PRV52735,0,0.0042186836278611676
PRV52737,0,0.0023616734143049934
PRV52749,0,0.0023616734143049934
PRV52759,0,0.01261808367071525
PRV52762,0,0.0023616734143049934
PRV52765,0,0.0023616734143049934
PRV52776,0,0.0042186836278611676
PRV52779,0,0.0042186836278611676
PRV52780,0,0.0042186836278611676
PRV52802,0,0.008422279474911054
PRV52805,0,0.0546236079545144
PRV52809,0,0.008422279474911054
PRV52811,1,0.38496427461944704
PRV52812,0,0.0023616734143049934
PRV52817,0,0.0042186836278611676
PRV52819,1,0.2387914230019493
PRV52834,0,0.07478595411843166
PRV52840,1,0.8602864193982409
PRV52852,0,0.13085004488655308
PRV52854,0,0.0023616734143049934
PRV52856,0,0.008422279474911054
PRV52866,0,0.0042186836278611676
PRV52867,0,0.092121471453949
PRV52871,0,0.008422279474911054
PRV52874,0,0.018107572516750055
PRV52883,0,0.04474873987069109
PRV52885,0,0.07724233667629894
PRV52888,0,0.0023616734143049934
PRV52894,0,0.008422279474911054
PRV52900,0,0.08848029303620653
PRV52906,0,0.0023616734143049934
PRV52908,0,0.059684684684684686
PRV52909,0,0.008422279474911054
PRV52915,0,0.030102496277079078
PRV52923,0,0.0023616734143049934
PRV52927,0,0.008422279474911054
PRV52939,0,0.008422279474911054
PRV52946,0,0.0023616734143049934
PRV52947,0,0.0023616734143049934
PRV52959,0,0.0023616734143049934
PRV52960,0,0.15655179934912325
PRV52965,0,0.0023616734143049934
PRV52967,0,0.0023616734143049934
PRV52968,0,0.0023616734143049934
PRV52969,1,0.2573099415204678
PRV52973,0,0.0023616734143049934
PRV52974,0,0.0023616734143049934
PRV52975,0,0.0023616734143049934
PRV52977,0,0.0023616734143049934
PRV52983,0,0.1405122655122655
PRV52984,1,0.29672961138478376
PRV52987,0,0.0042186836278611676
PRV52992,0,0.015306915306915308
PRV52994,1,0.4821030708127483
PRV52995,1,0.4765475152571927
PRV52997,0,0.0023616734143049934
PRV53003,0,0.0023616734143049934
PRV53006,1,0.5502779559268373
PRV53010,0,0.008422279474911054
PRV53011,0,0.04686200019290664
PRV53012,0,0.0023616734143049934
PRV53022,0,0.0023616734143049934
PRV53023,1,0.2725806109627167
PRV53030,0,0.025110836875542757
PRV53039,0,0.008422279474911054
PRV53041,0,0.034268580321211904
PRV53046,0,0.0042186836278611676
PRV53051,0,0.008422279474911054
PRV53053,0,0.008422279474911054
PRV53058,0,0.0023616734143049934
PRV53060,0,0.034268580321211904
PRV53068,0,0.0042186836278611676
PRV53080,0,0.0023616734143049934
PRV53082,0,0.042666195997102446
PRV53088,0,0.0042186836278611676
PRV53089,0,0.008422279474911054
PRV53092,0,0.0023616734143049934
PRV53093,0,0.008422279474911054
PRV53094,0,0.005050505050505051
PRV53097,0,0.014022605196488618
PRV53098,0,0.0042186836278611676
PRV53105,1,0.9583333333333334
PRV53112,1,0.2325329299804626
PRV53115,0,0.0023616734143049934
PRV53118,0,0.030102496277079078
PRV53130,0,0.0023616734143049934
PRV53132,0,0.0042186836278611676
PRV53146,0,0.008422279474911054
PRV53152,0,0.0023616734143049934
PRV53155,0,0.03287244463715052
PRV53160,0,0.0023616734143049934
PRV53165,0,0.0023616734143049934
PRV53170,0,0.0042186836278611676
PRV53181,0,0.0023616734143049934
PRV53184,0,0.0023616734143049934
PRV53185,0,0.0023616734143049934
PRV53190,0,0.0042186836278611676
PRV53193,0,0.0023616734143049934
PRV53195,0,0.0023616734143049934
PRV53199,0,0.008422279474911054
PRV53200,0,0.0023616734143049934
PRV53209,0,0.0042186836278611676
PRV53219,0,0.0023616734143049934
PRV53231,0,0.0042186836278611676
PRV53234,0,0.0042186836278611676
PRV53241,0,0.015306915306915308
PRV53250,0,0.0042186836278611676
PRV53263,1,0.2660114433370247
PRV53264,0,0.0042186836278611676
PRV53267,0,0.0023616734143049934
PRV53270,0,0.01261808367071525
PRV53271,0,0.015306915306915308
PRV53273,0,0.020985979194934418
PRV53275,1,0.9583333333333334
PRV53278,0,0.0042186836278611676
PRV53285,0,0.0023616734143049934
PRV53286,0,0.04686200019290664
PRV53287,0,0.0042186836278611676
PRV53299,0,0.02231116836379994
PRV53302,0,0.042666195997102446
PRV53311,0,0.008422279474911054
PRV53316,0,0.0023616734143049934
PRV53322,0,0.0042186836278611676
PRV53324,0,0.020379691432323013
PRV53327,0,0.08848029303620653
PRV53328,0,0.0042186836278611676
PRV53330,0,0.0023616734143049934
PRV53332,0,0.0023616734143049934
PRV53333,0,0.032791327913279135
PRV53338,0,0.0042186836278611676
PRV53345,0,0.0042186836278611676
PRV53348,0,0.0042186836278611676
PRV53366,1,0.6225997425997426
PRV53367,0,0.0042186836278611676
PRV53368,0,0.0546236079545144
PRV53372,0,0.018107572516750055
PRV53395,0,0.0042186836278611676
PRV53400,0,0.0023616734143049934
PRV53404,1,0.48287037037037034
PRV53406,0,0.07195912529003173
PRV53410,0,0.008422279474911054
PRV53414,0,0.0042186836278611676
PRV53418,0,0.008422279474911054
PRV53420,1,0.4004073719012114
PRV53422,0,0.0042186836278611676
PRV53425,0,0.0023616734143049934
PRV53430,0,0.0023616734143049934
PRV53434,0,0.0023616734143049934
PRV53458,0,0.0042186836278611676
PRV53459,0,0.0023616734143049934
PRV53464,0,0.0023616734143049934
PRV53466,0,0.0023616734143049934
PRV53468,1,0.366446072074646
PRV53481,0,0.0023616734143049934
PRV53488,0,0.0023616734143049934
PRV53493,1,0.6219054953772435
PRV53497,0,0.0023616734143049934
PRV53500,0,0.0042186836278611676
PRV53505,0,0.0023616734143049934
PRV53508,0,0.07979342434933784
PRV53512,0,0.01261808367071525
PRV53514,0,0.032791327913279135
PRV53518,0,0.02312442523917134
PRV53528,0,0.04205990823449104
PRV53529,0,0.0042186836278611676
PRV53537,0,0.008422279474911054
PRV53538,0,0.0023616734143049934
PRV53541,0,0.0042186836278611676
PRV53542,0,0.0023616734143049934
PRV53543,0,0.0023616734143049934
PRV53546,0,0.0023616734143049934
PRV53552,0,0.008422279474911054
PRV53557,0,0.0023616734143049934
PRV53567,0,0.0023616734143049934
PRV53575,0,0.014925373134328358
PRV53576,0,0.0023616734143049934
PRV53579,0,0.0042186836278611676
PRV53580,0,0.0042186836278611676
PRV53583,0,0.0023616734143049934
PRV53592,0,0.059684684684684686
PRV53603,0,0.0023616734143049934
PRV53610,1,0.9583333333333334
PRV53615,0,0.0023616734143049934
PRV53630,0,0.0023616734143049934
PRV53636,0,0.032534613460742844
PRV53637,0,0.018226201043538504
PRV53639,0,0.008422279474911054
PRV53650,0,0.0023616734143049934
PRV53653,0,0.0023616734143049934
PRV53687,0,0.0023616734143049934
PRV53691,1,0.2467296113847838
PRV53693,0,0.008422279474911054
PRV53707,0,0.032943391152346374
PRV53711,1,0.511448948948949
PRV53736,0,0.0023616734143049934
PRV53737,0,0.0023616734143049934
PRV53738,0,0.0042186836278611676
PRV53739,0,0.0023616734143049934
PRV53742,0,0.0023616734143049934
PRV53744,0,0.0042186836278611676
PRV53747,0,0.0023616734143049934
PRV53748,1,0.3034453057708872
PRV53753,1,0.6165623034601752
PRV53758,1,1.0
PRV53760,0,0.0023616734143049934
PRV53777,0,0.008422279474911054
PRV53778,0,0.0042186836278611676
PRV53789,1,0.5858933933933934
PRV53795,0,0.0042186836278611676
PRV53800,0,0.0023616734143049934
PRV53803,0,0.0042186836278611676
PRV53804,1,0.2660114433370247
PRV53809,0,0.025898900430029192
PRV53810,0,0.0023616734143049934
PRV53811,0,0.0023616734143049934
PRV53813,0,0.0042186836278611676
PRV53822,0,0.0042186836278611676
PRV53823,0,0.0042186836278611676
PRV53825,0,0.0023616734143049934
PRV53826,0,0.0023616734143049934
PRV53830,0,0.0023616734143049934
PRV53833,0,0.0042186836278611676
PRV53834,0,0.0042186836278611676
PRV53847,0,0.008422279474911054
PRV53852,0,0.0023616734143049934
PRV53853,0,0.0023616734143049934
PRV53854,1,0.311941251596424
PRV53856,1,0.6986728395061729
PRV53858,0,0.0042186836278611676
PRV53863,0,0.032943391152346374
PRV53866,1,0.9583333333333334
PRV53869,1,0.5215490321078896
PRV53870,0,0.1971264367816092
PRV53881,0,0.032791327913279135
PRV53882,0,0.0023616734143049934
PRV53883,0,0.0042186836278611676
PRV53886,0,0.0042186836278611676
PRV53890,0,0.0042186836278611676
PRV53893,0,0.0023616734143049934
PRV53897,0,0.01261808367071525
PRV53898,0,0.0023616734143049934
PRV53902,0,0.0023616734143049934
PRV53903,0,0.0042186836278611676
PRV53904,0,0.0042186836278611676
PRV53914,0,0.0023616734143049934
PRV53929,0,0.13455313200066463
PRV53930,0,0.0042186836278611676
PRV53936,0,0.0023616734143049934
PRV53948,1,0.4821030708127483
PRV53953,0,0.03698713210908333
PRV53954,0,0.19025386757944898
PRV53955,1,0.30638569604086846
PRV53962,0,0.08068896512292739
PRV53976,0,0.0288915495145991
PRV53984,0,0.008422279474911054
PRV53987,0,0.08848029303620653
PRV53998,0,0.008422279474911054
PRV54003,1,0.2660114433370247
PRV54010,0,0.0023616734143049934
PRV54015,0,0.0023616734143049934
PRV54018,0,0.0023616734143049934
PRV54022,0,0.008422279474911054
PRV54032,0,0.0023616734143049934
PRV54035,0,0.025110836875542757
PRV54042,0,0.008422279474911054
PRV54047,0,0.0042186836278611676
PRV54067,0,0.008422279474911054
PRV54069,0,0.07114477570068918
PRV54079,1,0.3397190293742018
PRV54087,0,0.0042186836278611676
PRV54088,0,0.0023616734143049934
PRV54094,1,0.7353791887125221
PRV54095,0,0.0023616734143049934
PRV54097,0,0.020985979194934418
PRV54100,0,0.0042186836278611676
PRV54104,0,0.0023616734143049934
PRV54105,0,0.19025386757944898
PRV54108,0,0.0023616734143049934
PRV54126,0,0.0042186836278611676
PRV54137,0,0.01261808367071525
PRV54138,0,0.0023616734143049934
PRV54143,0,0.0023616734143049934
PRV54147,0,0.0023616734143049934
PRV54151,0,0.0023616734143049934
PRV54152,0,0.030102496277079078
PRV54161,0,0.0023616734143049934
PRV54165,0,0.008422279474911054
PRV54169,0,0.0023616734143049934
PRV54170,0,0.0042186836278611676
PRV54174,0,0.0042186836278611676
PRV54189,0,0.0023616734143049934
PRV54190,0,0.0042186836278611676
PRV54195,0,0.0023616734143049934
PRV54211,0,0.07357357357357357
PRV54214,0,0.08848029303620653
PRV54218,0,0.014022605196488618
PRV54221,0,0.0042186836278611676
PRV54229,0,0.0042186836278611676
PRV54234,0,0.0042186836278611676
PRV54236,0,0.02518178339073861
PRV54241,0,0.0042186836278611676
PRV54243,0,0.0042186836278611676
PRV54248,0,0.0042186836278611676
PRV54249,0,0.02231116836379994
PRV54260,0,0.0023616734143049934
PRV54264,1,0.38496427461944704
PRV54268,0,0.008422279474911054
PRV54272,0,0.0042186836278611676
PRV54277,0,0.01415000271153998
PRV54279,0,0.018226201043538504
PRV54281,0,0.0023616734143049934
PRV54286,0,0.0023616734143049934
PRV54292,0,0.0042186836278611676
PRV54314,0,0.01261808367071525
PRV54318,0,0.008422279474911054
PRV54321,0,0.0023616734143049934
PRV54322,0,0.0023616734143049934
PRV54329,0,0.0023616734143049934
PRV54331,0,0.026506972559604134
PRV54338,1,0.36274205239722485
PRV54346,0,0.02091503267973856
PRV54351,0,0.01261808367071525
PRV54364,0,0.0042186836278611676
PRV54366,0,0.03352669968829226
PRV54369,0,0.018226201043538504
PRV54376,0,0.008422279474911054
PRV54385,0,0.02231116836379994
PRV54386,0,0.0023616734143049934
PRV54394,1,0.311941251596424
PRV54395,0,0.008422279474911054
PRV54397,0,0.092121471453949
PRV54398,0,0.08848029303620653
PRV54405,0,0.008422279474911054
PRV54406,0,0.0042186836278611676
PRV54417,0,0.0023616734143049934
PRV54418,0,0.0023616734143049934
PRV54428,0,0.008422279474911054
PRV54440,0,0.0023616734143049934
PRV54445,0,0.008422279474911054
PRV54446,0,0.0023616734143049934
PRV54447,0,0.0023616734143049934
PRV54453,0,0.0042186836278611676
PRV54458,0,0.0023616734143049934
PRV54464,0,0.0042186836278611676
PRV54470,0,0.0042186836278611676
PRV54474,0,0.04686200019290664
PRV54476,0,0.008422279474911054
PRV54484,0,0.0042186836278611676
PRV54485,0,0.008422279474911054
PRV54487,0,0.0042186836278611676
PRV54488,0,0.0023616734143049934
PRV54492,0,0.0023616734143049934
PRV54493,0,0.0023616734143049934
PRV54494,0,0.008422279474911054
PRV54495,0,0.14301801801801803
PRV54512,1,0.28122308354866493
PRV54513,0,0.018107572516750055
PRV54516,0,0.13455313200066463
PRV54518,0,0.0042186836278611676
PRV54525,0,0.006907515264061225
PRV54527,0,0.0023616734143049934
PRV54532,0,0.0023616734143049934
PRV54533,0,0.0023616734143049934
PRV54534,0,0.0023616734143049934
PRV54556,1,0.28122308354866493
PRV54570,0,0.0023616734143049934
PRV54583,0,0.0042186836278611676
PRV54584,0,0.0023616734143049934
PRV54586,0,0.0023616734143049934
PRV54592,0,0.0023616734143049934
PRV54594,0,0.008422279474911054
PRV54600,0,0.0023616734143049934
PRV54605,0,0.0023616734143049934
PRV54607,0,0.0042186836278611676
PRV54613,0,0.0023616734143049934
PRV54617,0,0.0042186836278611676
PRV54626,0,0.0023616734143049934
PRV54631,0,0.0042186836278611676
PRV54632,0,0.0023616734143049934
PRV54641,0,0.0042186836278611676
PRV54647,1,0.7829982363315696
PRV54648,0,0.042666195997102446
PRV54650,1,0.8186728395061729
PRV54654,0,0.0042186836278611676
PRV54655,0,0.0042186836278611676
PRV54659,1,0.511448948948949
PRV54663,0,0.008422279474911054
PRV54665,0,0.0042186836278611676
PRV54669,0,0.008422279474911054
PRV54698,1,0.20135756056808687
PRV54700,0,0.030102496277079078
PRV54702,0,0.04474873987069109
PRV54706,0,0.10583446404341927
PRV54709,0,0.0042186836278611676
PRV54719,0,0.0023616734143049934
PRV54721,1,0.3090008613264427
PRV54722,1,0.26895183360700603
PRV54729,1,0.2660114433370247
PRV54731,1,0.4313022700119474
PRV54732,0,0.07612466124661248
PRV54733,0,0.008422279474911054
PRV54736,0,0.0023616734143049934
PRV54738,0,0.0023616734143049934
PRV54740,1,0.28122308354866493
PRV54744,0,0.0023616734143049934
PRV54746,1,0.511448948948949
PRV54749,1,0.36472759620788536
PRV54750,0,0.01261808367071525
PRV54751,1,0.9138888888888889
PRV54752,0,0.0023616734143049934
PRV54754,0,0.16035353535353536
PRV54755,0,0.0023616734143049934
PRV54762,1,0.20546550779108919
PRV54766,1,0.9138888888888889
PRV54769,0,0.04474873987069109
PRV54770,0,0.03695741195741196
PRV54775,0,0.13419435115292652
PRV54777,0,0.0042186836278611676
PRV54782,0,0.0042186836278611676
PRV54788,0,0.05000735271552235
PRV54791,0,0.0023616734143049934
PRV54797,0,0.0042186836278611676
PRV54801,0,0.0042186836278611676
PRV54804,0,0.0023616734143049934
PRV54807,0,0.0042186836278611676
PRV54811,1,0.5858933933933934
PRV54815,0,0.008422279474911054
PRV54816,1,0.2879321148851912
PRV54823,0,0.0023616734143049934
PRV54825,1,0.3905198301750026
PRV54826,0,0.0042186836278611676
PRV54835,0,0.0042186836278611676
PRV54839,0,0.0023616734143049934
PRV54843,0,0.034874868083823306
PRV54844,0,0.0023616734143049934
PRV54850,0,0.025898900430029192
PRV54851,0,0.0042186836278611676
PRV54853,1,0.6986728395061729
PRV54857,0,0.0023616734143049934
PRV54858,0,0.0023616734143049934
PRV54872,0,0.0023616734143049934
PRV54874,0,0.008422279474911054
PRV54880,0,0.0023616734143049934
PRV54884,0,0.0042186836278611676
PRV54897,0,0.041702951136913406
PRV54899,0,0.0042186836278611676
PRV54912,0,0.0023616734143049934
PRV54913,0,0.01261808367071525
PRV54915,0,0.0042186836278611676
PRV54920,1,0.3979689366786141
PRV54921,0,0.0023616734143049934
PRV54922,0,0.01261808367071525
PRV54928,0,0.008422279474911054
PRV54940,1,0.9333333333333332
PRV54948,1,0.8746732026143791
PRV54951,1,0.4590800477897252
PRV54956,1,0.38496427461944704
PRV54957,1,0.28122308354866493
PRV54958,1,0.8765432098765432
PRV54961,0,0.02518178339073861
PRV54962,0,0.06747601259796382
PRV54964,0,0.09457785401181629
PRV54969,0,0.0023616734143049934
PRV54974,0,0.13048668969721602
PRV54979,0,0.0023616734143049934
PRV54980,1,0.7353791887125221
PRV54984,1,0.6225997425997426
PRV54987,0,0.008422279474911054
PRV54989,1,0.5858933933933934
PRV54994,0,0.008422279474911054
PRV54996,0,0.008422279474911054
PRV55008,0,0.008422279474911054
PRV55009,0,0.048157469210100785
PRV55014,1,0.511448948948949
PRV55015,0,0.14719450161264705
PRV55017,0,0.03171717171717172
PRV55020,0,0.022422005239342697
PRV55021,0,0.092121471453949
PRV55025,0,0.06828407223471143
PRV55033,0,0.0023616734143049934
PRV55046,0,0.1977163821503444
PRV55047,0,0.008422279474911054
PRV55055,0,0.008422279474911054
PRV55060,0,0.0023616734143049934
PRV55065,0,0.0042186836278611676
PRV55066,0,0.0023616734143049934
PRV55075,0,0.0042186836278611676
PRV55082,0,0.0042186836278611676
PRV55084,0,0.008422279474911054
PRV55090,0,0.0023616734143049934
PRV55100,0,0.0042186836278611676
PRV55101,0,0.0042186836278611676
PRV55102,0,0.0023616734143049934
PRV55105,0,0.0023616734143049934
PRV55107,0,0.0023616734143049934
PRV55109,0,0.0023616734143049934
PRV55113,0,0.0023616734143049934
PRV55115,0,0.0042186836278611676
PRV55119,0,0.018107572516750055
PRV55125,0,0.18094146937828048
PRV55127,0,0.0042186836278611676
PRV55139,0,0.0042186836278611676
PRV55142,0,0.008422279474911054
PRV55153,0,0.04474873987069109
PRV55159,0,0.03067127223677342
PRV55162,0,0.011111111111111112
PRV55170,0,0.015306915306915308
PRV55174,0,0.13913533834586467
PRV55186,1,0.4483444452858871
PRV55190,1,0.7212698412698413
PRV55199,0,0.0858909853249476
PRV55201,0,0.0023616734143049934
PRV55204,1,0.5858933933933934
PRV55212,0,0.06338316793908143
PRV55217,0,0.0023616734143049934
PRV55221,0,0.02518178339073861
PRV55222,1,0.6225997425997426
PRV55223,1,0.4821030708127483
PRV55228,0,0.011111111111111112
PRV55241,0,0.011111111111111112
PRV55245,0,0.008422279474911054
PRV55249,0,0.0042186836278611676
PRV55251,1,0.4711711711711712
PRV55253,1,0.25900086132644273
PRV55280,0,0.0042186836278611676
PRV55282,0,0.0023616734143049934
PRV55284,0,0.16802621367581191
PRV55287,0,0.0023616734143049934
PRV55288,0,0.008422279474911054
PRV55290,0,0.0042186836278611676
PRV55294,0,0.0023616734143049934
PRV55301,0,0.008422279474911054
PRV55303,0,0.008422279474911054
PRV55308,0,0.0023616734143049934
PRV55310,0,0.0042186836278611676
PRV55311,0,0.0023616734143049934
PRV55315,0,0.0042186836278611676
PRV55317,0,0.0042186836278611676
PRV55321,0,0.02518178339073861
PRV55327,0,0.0042186836278611676
PRV55328,0,0.0023616734143049934
PRV55332,0,0.0023616734143049934
PRV55334,0,0.0023616734143049934
PRV55336,0,0.0023616734143049934
PRV55346,0,0.0042186836278611676
PRV55347,0,0.0042186836278611676
PRV55349,0,0.0042186836278611676
PRV55367,0,0.011669394047472558
PRV55369,0,0.0042186836278611676
PRV55370,0,0.008422279474911054
PRV55373,0,0.0023616734143049934
PRV55380,0,0.0042186836278611676
PRV55389,1,0.5058933933933933
PRV55391,1,0.2144562669214182
PRV55393,0,0.14878305911154813
PRV55394,1,0.511448948948949
PRV55403,0,0.0023616734143049934
PRV55406,0,0.0042186836278611676
PRV55407,0,0.0042186836278611676
PRV55415,0,0.0023616734143049934
PRV55420,0,0.008422279474911054
PRV55421,0,0.0042186836278611676
PRV55422,0,0.0023616734143049934
PRV55429,0,0.0023616734143049934
PRV55440,0,0.16303384724437356
PRV55457,0,0.006907515264061225
PRV55461,0,0.0023616734143049934
PRV55466,0,0.15434697855750487
PRV55476,1,0.8603174603174604
PRV55478,1,0.9583333333333334
PRV55484,1,0.511448948948949
PRV55485,1,0.9548573458896591
PRV55488,0,0.0042186836278611676
PRV55502,1,0.361941251596424
PRV55504,0,0.0042186836278611676
PRV55517,0,0.0023616734143049934
PRV55524,0,0.0023616734143049934
PRV55526,0,0.0042186836278611676
PRV55529,1,0.6225997425997426
PRV55532,1,0.45432529303497043
PRV55533,0,0.0023616734143049934
PRV55542,0,0.03698713210908333
PRV55544,0,0.14565682498930252
PRV55545,1,0.5858933933933934
PRV55546,0,0.0042186836278611676
PRV55553,0,0.0023616734143049934
PRV55559,0,0.008422279474911054
PRV55568,0,0.0023616734143049934
PRV55594,0,0.0023616734143049934
PRV55597,0,0.0042186836278611676
PRV55605,0,0.0023616734143049934
PRV55611,0,0.0023616734143049934
PRV55616,0,0.0023616734143049934
PRV55628,0,0.0023616734143049934
PRV55629,0,0.0042186836278611676
PRV55630,0,0.0042186836278611676
PRV55636,0,0.0023616734143049934
PRV55643,0,0.008422279474911054
PRV55645,0,0.008422279474911054
PRV55647,0,0.01261808367071525
PRV55651,1,0.5058933933933933
PRV55669,0,0.0546236079545144
PRV55672,0,0.0023616734143049934
PRV55681,0,0.02518178339073861
PRV55685,1,0.5251322751322751
PRV55686,0,0.0023616734143049934
PRV55693,0,0.01261808367071525
PRV55694,0,0.07114477570068918
PRV55696,0,0.0023616734143049934
PRV55698,0,0.0042186836278611676
PRV55708,0,0.02231116836379994
PRV55713,0,0.07114477570068918
PRV55718,1,0.5858933933933934
PRV55722,0,0.0023616734143049934
PRV55725,0,0.0023616734143049934
PRV55730,0,0.0042186836278611676
PRV55738,0,0.008422279474911054
PRV55746,1,0.4821030708127483
PRV55747,0,0.0023616734143049934
PRV55756,0,0.0042186836278611676
PRV55757,0,0.0042186836278611676
PRV55758,0,0.0042186836278611676
PRV55773,0,0.008422279474911054
PRV55781,0,0.0023616734143049934
PRV55784,0,0.0023616734143049934
PRV55799,0,0.0023616734143049934
PRV55823,0,0.0023616734143049934
PRV55824,0,0.008422279474911054
PRV55825,1,0.9236329130004471
PRV55827,0,0.03429830047288327
PRV55829,1,0.26194125159642406
PRV55838,1,0.2325329299804626
PRV55840,0,0.008422279474911054
PRV55841,1,0.511448948948949
PRV55844,0,0.07114477570068918
PRV55845,1,0.6225997425997426
PRV55853,0,0.0023616734143049934
PRV55857,0,0.0023616734143049934
PRV55860,0,0.0023616734143049934
PRV55861,0,0.0042186836278611676
PRV55878,0,0.0023616734143049934
PRV55888,1,0.4821030708127483
PRV55889,1,0.6986728395061729
PRV55890,0,0.092121471453949
PRV55894,0,0.0023616734143049934
PRV55899,0,0.0042186836278611676
PRV55922,0,0.0023616734143049934
PRV55923,0,0.0023616734143049934
PRV55924,0,0.0023616734143049934
PRV55932,0,0.032791327913279135
PRV55947,0,0.0023616734143049934
PRV55949,1,0.311941251596424
PRV55952,0,0.0023616734143049934
PRV55954,0,0.1815669988925803
PRV55960,0,0.0023616734143049934
PRV55961,1,0.2660114433370247
PRV55962,1,0.2437892211148025
PRV55967,0,0.13913533834586467
PRV55973,1,0.511448948948949
PRV55975,0,0.092121471453949
PRV55976,0,0.0023616734143049934
PRV55979,0,0.0023616734143049934
PRV55987,0,0.0023616734143049934
PRV55988,0,0.02518178339073861
PRV55992,0,0.030102496277079078
PRV55994,1,0.3979689366786141
PRV55998,0,0.0023616734143049934
PRV56000,0,0.016711436832688675
PRV56009,1,0.25900086132644273
PRV56022,0,0.0023616734143049934
PRV56024,1,0.8906935845332895
PRV56035,0,0.03429830047288327
PRV56042,0,0.025110836875542757
PRV56043,0,0.0023616734143049934
PRV56053,0,0.0023616734143049934
PRV56059,0,0.0023616734143049934
PRV56061,0,0.0023616734143049934
PRV56064,0,0.0023616734143049934
PRV56069,0,0.0023616734143049934
PRV56070,0,0.0023616734143049934
PRV56074,0,0.0023616734143049934
PRV56079,0,0.0023616734143049934
PRV56081,0,0.0023616734143049934
PRV56082,0,0.0042186836278611676
PRV56085,0,0.0042186836278611676
PRV56096,0,0.0023616734143049934
PRV56097,0,0.0023616734143049934
PRV56100,0,0.0023616734143049934
PRV56107,0,0.0042186836278611676
PRV56110,0,0.008422279474911054
PRV56112,0,0.008422279474911054
PRV56127,0,0.13048668969721602
PRV56128,0,0.1977163821503444
PRV56132,0,0.13048668969721602
PRV56144,0,0.008422279474911054
PRV56150,0,0.0042186836278611676
PRV56155,0,0.0042186836278611676
PRV56160,0,0.008422279474911054
PRV56162,0,0.0023616734143049934
PRV56167,0,0.012165594982932444
PRV56175,0,0.01261808367071525
PRV56178,0,0.0042186836278611676
PRV56180,0,0.0023616734143049934
PRV56188,0,0.0042186836278611676
PRV56192,0,0.0023616734143049934
PRV56195,0,0.008422279474911054
PRV56197,0,0.0023616734143049934
PRV56203,1,0.3645564168819983
PRV56204,1,0.3529795070859368
PRV56205,1,0.3397190293742018
PRV56215,0,0.0023616734143049934
PRV56223,1,0.45432529303497043
PRV56226,1,0.4821030708127483
PRV56230,1,0.38315412186379927
PRV56240,1,0.4821030708127483
PRV56244,1,0.511448948948949
PRV56246,0,0.0023616734143049934
PRV56250,0,0.0023616734143049934
PRV56254,0,0.030102496277079078
PRV56273,0,0.0023616734143049934
PRV56292,0,0.0023616734143049934
PRV56294,0,0.0023616734143049934
PRV56296,0,0.0023616734143049934
PRV56298,0,0.0023616734143049934
PRV56312,0,0.0023616734143049934
PRV56315,0,0.0023616734143049934
PRV56320,0,0.01625056230319388
PRV56323,0,0.0042186836278611676
PRV56325,0,0.0023616734143049934
PRV56326,0,0.0023616734143049934
PRV56327,0,0.0023616734143049934
PRV56332,0,0.0042186836278611676
PRV56343,1,0.5565475152571927
PRV56356,0,0.0023616734143049934
PRV56359,0,0.0023616734143049934
PRV56365,0,0.0042186836278611676
PRV56371,0,0.01261808367071525
PRV56372,0,0.0042186836278611676
PRV56382,0,0.008422279474911054
PRV56383,0,0.008422279474911054
PRV56386,0,0.0042186836278611676
PRV56399,0,0.18119521440416964
PRV56402,1,0.20135756056808687
PRV56409,1,0.48208459862405567
PRV56419,0,0.0023616734143049934
PRV56420,0,0.0042186836278611676
PRV56422,0,0.0042186836278611676
PRV56424,0,0.06747601259796382
PRV56429,0,0.1441810286149909
PRV56431,1,0.38496427461944704
PRV56434,0,0.008422279474911054
PRV56436,0,0.008422279474911054
PRV56443,0,0.03695741195741196
PRV56446,0,0.01261808367071525
PRV56450,0,0.07114477570068918
PRV56457,0,0.04686200019290664
PRV56459,0,0.011111111111111112
PRV56460,1,0.9583333333333334
PRV56462,1,0.3263084684603018
PRV56465,0,0.02306852306852307
PRV56472,0,0.0042186836278611676
PRV56488,0,0.0042186836278611676
PRV56491,0,0.0042186836278611676
PRV56492,0,0.0023616734143049934
PRV56493,1,0.2437892211148025
PRV56499,1,0.2660114433370247
PRV56503,0,0.06327225660316305
PRV56505,0,0.008422279474911054
PRV56506,0,0.0042186836278611676
PRV56513,0,0.0042186836278611676
PRV56516,0,0.0042186836278611676
PRV56520,0,0.0023616734143049934
PRV56532,1,0.3820238843494657
PRV56534,0,0.0042186836278611676
PRV56542,0,0.0023616734143049934
PRV56558,1,0.4535244922341697
PRV56561,0,0.0546236079545144
PRV56564,1,0.511448948948949
PRV56565,0,0.18041037553232675
PRV56567,0,0.0042186836278611676
PRV56569,0,0.0023616734143049934
PRV56573,1,0.9583333333333334
PRV56599,0,0.0042186836278611676
PRV56600,0,0.0023616734143049934
PRV56609,0,0.024999999999999998
PRV56612,1,0.44027777777777777
PRV56617,0,0.05070855688313969
PRV56619,0,0.0023616734143049934
PRV56620,0,0.0042186836278611676
PRV56623,1,0.21031070775824037
PRV56627,0,0.0023616734143049934
PRV56629,0,0.07114477570068918
PRV56631,0,0.1383468834688347
PRV56636,0,0.0546236079545144
PRV56644,0,0.0023616734143049934
PRV56646,0,0.0023616734143049934
PRV56650,1,0.20135756056808687
PRV56652,0,0.02231116836379994
PRV56661,0,0.008422279474911054
PRV56665,0,0.0023616734143049934
PRV56666,1,0.23611111111111108
PRV56670,0,0.0023616734143049934
PRV56676,0,0.0042186836278611676
PRV56678,1,0.8161635024380122
PRV56690,0,0.008422279474911054
PRV56692,0,0.0023616734143049934
PRV56695,0,0.0023616734143049934
PRV56698,0,0.0023616734143049934
PRV56704,0,0.008422279474911054
PRV56709,0,0.07564327485380117
PRV56714,0,0.14201564657156004
PRV56727,1,0.4821030708127483
PRV56736,0,0.008422279474911054
PRV56737,0,0.0023616734143049934
PRV56744,0,0.0023616734143049934
PRV56756,1,0.5858933933933934
PRV56757,0,0.008422279474911054
PRV56770,0,0.008422279474911054
PRV56776,1,0.7829982363315696
PRV56779,0,0.0023616734143049934
PRV56781,1,0.28823366555924695
PRV56785,0,0.0023616734143049934
PRV56786,0,0.0023616734143049934
PRV56787,1,0.6426284578285618
PRV56794,0,0.0042186836278611676
PRV56795,0,0.0042186836278611676
PRV56799,0,0.0042186836278611676
PRV56804,0,0.0023616734143049934
PRV56806,0,0.0023616734143049934
PRV56812,0,0.0042186836278611676
PRV56814,1,0.21388888888888888
PRV56815,0,0.0042186836278611676
PRV56817,0,0.0042186836278611676
PRV56822,0,0.0023616734143049934
PRV56825,0,0.008422279474911054
PRV56827,0,0.0042186836278611676
PRV56838,0,0.0042186836278611676
PRV56841,0,0.04205990823449104
PRV56842,0,0.0023616734143049934
PRV56844,0,0.0023616734143049934
PRV56847,0,0.026506972559604134
PRV56848,0,0.0042186836278611676
PRV56849,0,0.008422279474911054
PRV56859,0,0.00642638443455868
PRV56865,0,0.0023616734143049934
PRV56872,0,0.016711436832688675
PRV56874,0,0.0023616734143049934
PRV56875,0,0.008422279474911054
PRV56876,1,0.21388888888888888
PRV56883,0,0.008422279474911054
PRV56898,0,0.0023616734143049934
PRV56899,0,0.14782220703273335
PRV56911,0,0.02091503267973856
PRV56913,1,0.29672961138478376
PRV56921,0,0.0042186836278611676
PRV56922,0,0.0023616734143049934
PRV56924,0,0.0042186836278611676
PRV56925,0,0.0042186836278611676
PRV56927,0,0.0023616734143049934
PRV56936,0,0.0023616734143049934
PRV56940,0,0.0023616734143049934
PRV56943,0,0.0042186836278611676
PRV56952,0,0.0023616734143049934
PRV56955,0,0.0023616734143049934
PRV56959,0,0.008422279474911054
PRV56961,0,0.0023616734143049934
PRV56962,0,0.0042186836278611676
PRV56968,0,0.020379691432323013
PRV56975,0,0.0023616734143049934
PRV56979,0,0.0042186836278611676
PRV56983,0,0.0042186836278611676
PRV56994,0,0.0023616734143049934
PRV57001,0,0.0023616734143049934
PRV57003,0,0.0023616734143049934
PRV57007,0,0.0023616734143049934
PRV57008,0,0.0023616734143049934
PRV57009,0,0.0023616734143049934
PRV57012,0,0.0023616734143049934
PRV57019,0,0.0023616734143049934
PRV57022,1,0.28122308354866493
PRV57026,0,0.08848029303620653
PRV57027,0,0.0042186836278611676
PRV57028,0,0.16035353535353536
PRV57029,0,0.0042186836278611676
PRV57032,0,0.14782220703273335
PRV57035,0,0.0390706722796275
PRV57037,0,0.0023616734143049934
PRV57040,0,0.0042186836278611676
PRV57042,0,0.0023616734143049934
PRV57044,0,0.0023616734143049934
PRV57045,0,0.0042186836278611676
PRV57050,0,0.0546236079545144
PRV57055,0,0.0023616734143049934
PRV57060,0,0.0023616734143049934
PRV57064,0,0.008422279474911054
PRV57065,0,0.008422279474911054
PRV57066,0,0.0023616734143049934
PRV57068,0,0.0042186836278611676
PRV57070,0,0.05070855688313969
PRV57071,0,0.0042186836278611676
PRV57079,0,0.06747601259796382
PRV57083,0,0.008422279474911054
PRV57090,0,0.04686200019290664
PRV57095,0,0.0042186836278611676
PRV57106,0,0.011111111111111112
PRV57111,1,0.38287037037037036
PRV57114,0,0.0042186836278611676
PRV57123,0,0.13048668969721602
PRV57135,0,0.0023616734143049934
PRV57155,0,0.0023616734143049934
PRV57163,0,0.008422279474911054
PRV57164,0,0.01261808367071525
PRV57178,1,0.8596188458875229
PRV57180,0,0.03698713210908333
PRV57195,1,0.6437637637637638
PRV57201,1,0.3605350742447517
PRV57214,1,0.8784974849962932
PRV57220,1,0.20135756056808687
PRV57221,0,0.008422279474911054
PRV57222,0,0.0042186836278611676
PRV57226,0,0.14782220703273335
PRV57229,0,0.07979342434933784
PRV57237,0,0.0023616734143049934
PRV57243,0,0.0023616734143049934
PRV57249,0,0.008422279474911054
PRV57254,0,0.01261808367071525
PRV57258,0,0.0042186836278611676
PRV57260,0,0.0023616734143049934
PRV57267,0,0.0023616734143049934
PRV57268,0,0.0042186836278611676
PRV57271,0,0.0023616734143049934
PRV57279,0,0.0042186836278611676
PRV57281,0,0.0042186836278611676
PRV57292,0,0.0023616734143049934
PRV57296,0,0.036492765105949836
PRV57300,0,0.15175438596491228
PRV57323,1,0.9583333333333334
PRV57337,1,0.5858933933933934
PRV57338,0,0.0042186836278611676
PRV57342,0,0.0042186836278611676
PRV57349,0,0.0023616734143049934
PRV57353,0,0.0023616734143049934
PRV57360,0,0.0042186836278611676
PRV57362,0,0.0023616734143049934
PRV57370,0,0.0023616734143049934
PRV57377,0,0.0042186836278611676
PRV57383,0,0.008422279474911054
PRV57384,0,0.0023616734143049934
PRV57387,0,0.0023616734143049934
PRV57395,0,0.0023616734143049934
PRV57418,0,0.008422279474911054
PRV57420,0,0.0042186836278611676
PRV57428,0,0.050846300846300846
PRV57430,0,0.0023616734143049934
PRV57439,0,0.0023616734143049934
PRV57442,0,0.0042186836278611676
PRV57451,0,0.0023616734143049934
PRV57457,0,0.0023616734143049934
PRV57458,0,0.0042186836278611676
PRV57466,0,0.01261808367071525
PRV57478,0,0.01261808367071525
PRV57480,1,0.6986728395061729
PRV57482,0,0.0023616734143049934
PRV57483,0,0.0023616734143049934
PRV57493,0,0.01261808367071525
PRV57494,1,0.2437892211148025
PRV57497,0,0.0042186836278611676
PRV57498,0,0.032943391152346374
PRV57503,1,0.28416347381864626
PRV57505,0,0.0042186836278611676
PRV57506,0,0.0023616734143049934
PRV57508,0,0.0023616734143049934
PRV57511,1,0.3719525648265902
PRV57513,0,0.0042186836278611676
PRV57524,0,0.0023616734143049934
PRV57535,0,0.0023616734143049934
PRV57537,1,0.511448948948949
PRV57538,0,0.014022605196488618
PRV57554,0,0.0023616734143049934
PRV57556,0,0.0023616734143049934
PRV57559,0,0.0042186836278611676
PRV57562,0,0.0042186836278611676
PRV57566,0,0.0042186836278611676
PRV57579,0,0.11075036075036075
PRV57582,0,0.0042186836278611676
PRV57587,0,0.008422279474911054
PRV57589,0,0.0042186836278611676
PRV57591,0,0.03429830047288327
PRV57604,0,0.0042186836278611676
PRV57606,0,0.02231116836379994
PRV57607,0,0.008422279474911054
PRV57608,0,0.10758066751097722
PRV57620,0,0.0023616734143049934
PRV57621,0,0.0042186836278611676
PRV57622,0,0.008422279474911054
PRV57628,0,0.0042186836278611676
PRV57637,0,0.0023616734143049934
PRV57644,0,0.008422279474911054
PRV57648,0,0.0042186836278611676
PRV57649,0,0.008422279474911054
PRV57656,0,0.01261808367071525
PRV57661,0,0.0042186836278611676
PRV57664,0,0.04205990823449104
PRV57665,0,0.0042186836278611676
PRV57666,0,0.12317674817674817
PRV57681,0,0.0023616734143049934
PRV57685,0,0.0023616734143049934
PRV57695,0,0.0023616734143049934
PRV57698,0,0.008422279474911054
PRV57703,0,0.0023616734143049934
PRV57708,0,0.04205990823449104
PRV57713,0,0.0042186836278611676
PRV57726,0,0.0042186836278611676
PRV57745,0,0.0023616734143049934
PRV57749,0,0.01261808367071525
PRV57750,0,0.0023616734143049934
